<CATALOGO>
    <CD>
        <TITULO>Tinta roja</TITULO>
        <ARTISTA>Andres Calamaro</ARTISTA>
        <ORIGEN>AR</ORIGEN>
        <PRECIO>5.90</PRECIO>
        <ANO>2006</ANO>
    </CD>
    <CD>
        <TITULO>La Lengua Popular</TITULO>
        <ARTISTA>Andres Calamaro</ARTISTA>
        <ORIGEN>AR</ORIGEN>
        <PRECIO>9.90</PRECIO>
        <ANO>2007</ANO>
    </CD>
</CATALOGO>

URL del art�culo: http://www.ejemplode.com/21-xml/522-ejemplo_de_catalogo_de_cds_en_xml.html
Fuente: ejemplos de Cat�logo de CDs en XML